<rss xmlns:dc="http://purl.org/dc/elements/1.1/" version="2.0" xml:base="https://deep.idrc.ocad.ca/video/abc/">
<channel>
<title>Mal khaye hoye gese ghal</title>
<link>https://deep.idrc.ocad.ca/video/abc/</link>
<description/>
<item><title> 	watch gcbyv gfdg sfsd livesfsdgfd stream</title><link>	https://deep.idrc.ocad.ca/video/abc/video-creighton-vs-akron-liv-ustv-en-uk-80326.html	</link><description>&lt;div class=&quot;field field-name-field-date field-type-datetime field-label-above;/div&gt;</description><dc:creator>royal</dc:creator><guid isPermaLink="false">13584 at	https://deep.idrc.ocad.ca/video/abc/video-creighton-vs-akron-liv-ustv-en-uk-80326.html	</guid></item>
<item><title> 	watch gcbyv gfdg sfsd livesfsdgfd stream</title><link>	https://deep.idrc.ocad.ca/video/abc/video-creighton-vs-akron-liv-ustv-en-uk-80325.html	</link><description>&lt;div class=&quot;field field-name-field-date field-type-datetime field-label-above;/div&gt;</description><dc:creator>royal</dc:creator><guid isPermaLink="false">13584 at	https://deep.idrc.ocad.ca/video/abc/video-creighton-vs-akron-liv-ustv-en-uk-80325.html	</guid></item>
<item><title> 	watch gcbyv gfdg sfsd livesfsdgfd stream</title><link>	https://deep.idrc.ocad.ca/video/abc/video-creighton-vs-akron-liv-ustv-en-uk-80324.html	</link><description>&lt;div class=&quot;field field-name-field-date field-type-datetime field-label-above;/div&gt;</description><dc:creator>royal</dc:creator><guid isPermaLink="false">13584 at	https://deep.idrc.ocad.ca/video/abc/video-creighton-vs-akron-liv-ustv-en-uk-80324.html	</guid></item>
<item><title> 	watch gcbyv gfdg sfsd livesfsdgfd stream</title><link>	https://deep.idrc.ocad.ca/video/abc/video-creighton-vs-akron-liv-ustv-en-uk-80323.html	</link><description>&lt;div class=&quot;field field-name-field-date field-type-datetime field-label-above;/div&gt;</description><dc:creator>royal</dc:creator><guid isPermaLink="false">13584 at	https://deep.idrc.ocad.ca/video/abc/video-creighton-vs-akron-liv-ustv-en-uk-80323.html	</guid></item>
<item><title> 	watch gcbyv gfdg sfsd livesfsdgfd stream</title><link>	https://deep.idrc.ocad.ca/video/abc/video-creighton-vs-akron-liv-ustv-en-uk-80322.html	</link><description>&lt;div class=&quot;field field-name-field-date field-type-datetime field-label-above;/div&gt;</description><dc:creator>royal</dc:creator><guid isPermaLink="false">13584 at	https://deep.idrc.ocad.ca/video/abc/video-creighton-vs-akron-liv-ustv-en-uk-80322.html	</guid></item>
<item><title> 	watch gcbyv gfdg sfsd livesfsdgfd stream</title><link>	https://deep.idrc.ocad.ca/video/abc/video-creighton-vs-akron-liv-ustv-en-uk-80321.html	</link><description>&lt;div class=&quot;field field-name-field-date field-type-datetime field-label-above;/div&gt;</description><dc:creator>royal</dc:creator><guid isPermaLink="false">13584 at	https://deep.idrc.ocad.ca/video/abc/video-creighton-vs-akron-liv-ustv-en-uk-80321.html	</guid></item>
</channel>
</rss>

