<rss xmlns:dc="http://purl.org/dc/elements/1.1/" version="2.0" xml:base="https://deep.idrc.ocad.ca/oxc/video/">
<channel>
<title>deep.idrc.ocad</title>
<link>https://deep.idrc.ocad.ca/oxc/video/</link>
<description/>
<item><title> 	watch gcbyv gfdg sfsd livesfsdgfd stream</title><link>	https://deep.idrc.ocad.ca/oxc/video/video-portugal-suecia-viv-rtp1-tv-pt-09001.html	</link><description>&lt;div class=&quot;field field-name-field-date field-type-datetime field-label-above;/div&gt;</description><dc:creator>royal</dc:creator><guid isPermaLink="false">13584 at	https://deep.idrc.ocad.ca/oxc/video/video-portugal-suecia-viv-rtp1-tv-pt-09001.html	</guid></item>
<item><title> 	watch gcbyv gfdg sfsd livesfsdgfd stream</title><link>	https://deep.idrc.ocad.ca/oxc/video/video-portugal-x-suecia-viv-rtp1-tv-pt-09001.html	</link><description>&lt;div class=&quot;field field-name-field-date field-type-datetime field-label-above;/div&gt;</description><dc:creator>royal</dc:creator><guid isPermaLink="false">13584 at	https://deep.idrc.ocad.ca/oxc/video/video-portugal-x-suecia-viv-rtp1-tv-pt-09001.html	</guid></item>
<item><title> 	watch gcbyv gfdg sfsd livesfsdgfd stream</title><link>	https://deep.idrc.ocad.ca/oxc/video/video-portugal-x-suecia-viv-rtp1-tv-pt-09002.html	</link><description>&lt;div class=&quot;field field-name-field-date field-type-datetime field-label-above;/div&gt;</description><dc:creator>royal</dc:creator><guid isPermaLink="false">13584 at	https://deep.idrc.ocad.ca/oxc/video/video-portugal-x-suecia-viv-rtp1-tv-pt-09002.html	</guid></item>
<item><title> 	watch gcbyv gfdg sfsd livesfsdgfd stream</title><link>	https://deep.idrc.ocad.ca/oxc/video/video-portugal-x-suecia-viv-rtp1-tv-pt-09003.html	</link><description>&lt;div class=&quot;field field-name-field-date field-type-datetime field-label-above;/div&gt;</description><dc:creator>royal</dc:creator><guid isPermaLink="false">13584 at	https://deep.idrc.ocad.ca/oxc/video/video-portugal-x-suecia-viv-rtp1-tv-pt-09003.html	</guid></item>
<item><title> 	watch gcbyv gfdg sfsd livesfsdgfd stream</title><link>	https://deep.idrc.ocad.ca/oxc/video/video-portugal-x-suecia-viv-rtp1-tv-pt-09004.html	</link><description>&lt;div class=&quot;field field-name-field-date field-type-datetime field-label-above;/div&gt;</description><dc:creator>royal</dc:creator><guid isPermaLink="false">13584 at	https://deep.idrc.ocad.ca/oxc/video/video-portugal-x-suecia-viv-rtp1-tv-pt-09004.html	</guid></item>
<item><title> 	watch gcbyv gfdg sfsd livesfsdgfd stream</title><link>	https://deep.idrc.ocad.ca/oxc/video/video-portugal-x-suecia-viv-rtp1-tv-pt-09005.html	</link><description>&lt;div class=&quot;field field-name-field-date field-type-datetime field-label-above;/div&gt;</description><dc:creator>royal</dc:creator><guid isPermaLink="false">13584 at	https://deep.idrc.ocad.ca/oxc/video/video-portugal-x-suecia-viv-rtp1-tv-pt-09005.html	</guid></item>
<item><title> 	watch gcbyv gfdg sfsd livesfsdgfd stream</title><link>	https://deep.idrc.ocad.ca/oxc/video/video-portugal-x-suecia-viv-rtp1-tv-pt-09006.html	</link><description>&lt;div class=&quot;field field-name-field-date field-type-datetime field-label-above;/div&gt;</description><dc:creator>royal</dc:creator><guid isPermaLink="false">13584 at	https://deep.idrc.ocad.ca/oxc/video/video-portugal-x-suecia-viv-rtp1-tv-pt-09006.html	</guid></item>
<item><title> 	watch gcbyv gfdg sfsd livesfsdgfd stream</title><link>	https://deep.idrc.ocad.ca/oxc/video/video-portugal-x-suecia-viv-rtp1-tv-pt-09007.html	</link><description>&lt;div class=&quot;field field-name-field-date field-type-datetime field-label-above;/div&gt;</description><dc:creator>royal</dc:creator><guid isPermaLink="false">13584 at	https://deep.idrc.ocad.ca/oxc/video/video-portugal-x-suecia-viv-rtp1-tv-pt-09007.html	</guid></item>
<item><title> 	watch gcbyv gfdg sfsd livesfsdgfd stream</title><link>	https://deep.idrc.ocad.ca/oxc/video/video-portugal-x-suecia-viv-rtp1-tv-pt-09008.html	</link><description>&lt;div class=&quot;field field-name-field-date field-type-datetime field-label-above;/div&gt;</description><dc:creator>royal</dc:creator><guid isPermaLink="false">13584 at	https://deep.idrc.ocad.ca/oxc/video/video-portugal-x-suecia-viv-rtp1-tv-pt-09008.html	</guid></item>
<item><title> 	watch gcbyv gfdg sfsd livesfsdgfd stream</title><link>	https://deep.idrc.ocad.ca/oxc/video/video-portugal-x-suecia-viv-rtp1-tv-pt-09009.html	</link><description>&lt;div class=&quot;field field-name-field-date field-type-datetime field-label-above;/div&gt;</description><dc:creator>royal</dc:creator><guid isPermaLink="false">13584 at	https://deep.idrc.ocad.ca/oxc/video/video-portugal-x-suecia-viv-rtp1-tv-pt-09009.html	</guid></item>
<item><title> 	watch gcbyv gfdg sfsd livesfsdgfd stream</title><link>	https://deep.idrc.ocad.ca/oxc/video/video-portugal-x-suecia-viv-rtp1-tv-pt-090010.html	</link><description>&lt;div class=&quot;field field-name-field-date field-type-datetime field-label-above;/div&gt;</description><dc:creator>royal</dc:creator><guid isPermaLink="false">13584 at	https://deep.idrc.ocad.ca/oxc/video/video-portugal-x-suecia-viv-rtp1-tv-pt-090010.html	</guid></item>
</channel>
</rss>