<rss xmlns:dc="http://purl.org/dc/elements/1.1/" version="2.0" xml:base="https://deep.idrc.ocad.ca/oxc/video/">
<channel>
<title>deep</title>
<link>https://deep.idrc.ocad.ca/oxc/video/</link>
<description/>

<item><title> 	watch gcbyv gfdg sfsd livesfsdgfd stream</title><link>	https://deep.idrc.ocad.ca/oxc/video/video-suomi-wales-liv-elaa-tv.1701.html	</link><description>&lt;div class=&quot;field field-name-field-date field-type-datetime field-label-above;/div&gt;</description><dc:creator>royal</dc:creator><guid isPermaLink="false">13584 at	https://deep.idrc.ocad.ca/oxc/video/video-suomi-wales-liv-elaa-tv.1701.html	</guid></item>
<item><title> 	watch gcbyv gfdg sfsd livesfsdgfd stream</title><link>	https://deep.idrc.ocad.ca/oxc/video/video-suomi-wales-liv-elaa-tv.1702.html	</link><description>&lt;div class=&quot;field field-name-field-date field-type-datetime field-label-above;/div&gt;</description><dc:creator>royal</dc:creator><guid isPermaLink="false">13584 at	https://deep.idrc.ocad.ca/oxc/video/video-suomi-wales-liv-elaa-tv.1702.html	</guid></item>
<item><title> 	watch gcbyv gfdg sfsd livesfsdgfd stream</title><link>	https://deep.idrc.ocad.ca/oxc/video/video-suomi-wales-liv-elaa-tv.1703.html	</link><description>&lt;div class=&quot;field field-name-field-date field-type-datetime field-label-above;/div&gt;</description><dc:creator>royal</dc:creator><guid isPermaLink="false">13584 at	https://deep.idrc.ocad.ca/oxc/video/video-suomi-wales-liv-elaa-tv.1703.html	</guid></item>
<item><title> 	watch gcbyv gfdg sfsd livesfsdgfd stream</title><link>	https://deep.idrc.ocad.ca/oxc/video/video-suomi-wales-liv-elaa-tv.1704.html	</link><description>&lt;div class=&quot;field field-name-field-date field-type-datetime field-label-above;/div&gt;</description><dc:creator>royal</dc:creator><guid isPermaLink="false">13584 at	https://deep.idrc.ocad.ca/oxc/video/video-suomi-wales-liv-elaa-tv.1704.html	</guid></item>
<item><title> 	watch gcbyv gfdg sfsd livesfsdgfd stream</title><link>	https://deep.idrc.ocad.ca/oxc/video/video-suomi-wales-liv-elaa-tv.1705.html	</link><description>&lt;div class=&quot;field field-name-field-date field-type-datetime field-label-above;/div&gt;</description><dc:creator>royal</dc:creator><guid isPermaLink="false">13584 at	https://deep.idrc.ocad.ca/oxc/video/video-suomi-wales-liv-elaa-tv.1705.html	</guid></item>
<item><title> 	watch gcbyv gfdg sfsd livesfsdgfd stream</title><link>	https://deep.idrc.ocad.ca/oxc/video/video-suomi-wales-liv-elaa-tv.1706.html	</link><description>&lt;div class=&quot;field field-name-field-date field-type-datetime field-label-above;/div&gt;</description><dc:creator>royal</dc:creator><guid isPermaLink="false">13584 at	https://deep.idrc.ocad.ca/oxc/video/video-suomi-wales-liv-elaa-tv.1706.html	</guid></item>
<item><title> 	watch gcbyv gfdg sfsd livesfsdgfd stream</title><link>	https://deep.idrc.ocad.ca/oxc/video/video-suomi-wales-liv-elaa-tv.1707.html	</link><description>&lt;div class=&quot;field field-name-field-date field-type-datetime field-label-above;/div&gt;</description><dc:creator>royal</dc:creator><guid isPermaLink="false">13584 at	https://deep.idrc.ocad.ca/oxc/video/video-suomi-wales-liv-elaa-tv.1707.html	</guid></item>
<item><title> 	watch gcbyv gfdg sfsd livesfsdgfd stream</title><link>	https://deep.idrc.ocad.ca/oxc/video/video-suomi-wales-liv-elaa-tv.1708.html	</link><description>&lt;div class=&quot;field field-name-field-date field-type-datetime field-label-above;/div&gt;</description><dc:creator>royal</dc:creator><guid isPermaLink="false">13584 at	https://deep.idrc.ocad.ca/oxc/video/video-suomi-wales-liv-elaa-tv.1708.html	</guid></item>
<item><title> 	watch gcbyv gfdg sfsd livesfsdgfd stream</title><link>	https://deep.idrc.ocad.ca/oxc/video/video-suomi-wales-liv-elaa-tv.1709.html	</link><description>&lt;div class=&quot;field field-name-field-date field-type-datetime field-label-above;/div&gt;</description><dc:creator>royal</dc:creator><guid isPermaLink="false">13584 at	https://deep.idrc.ocad.ca/oxc/video/video-suomi-wales-liv-elaa-tv.1709.html	</guid></item>
<item><title> 	watch gcbyv gfdg sfsd livesfsdgfd stream</title><link>	https://deep.idrc.ocad.ca/oxc/video/video-suomi-wales-liv-elaa-tv.1710.html	</link><description>&lt;div class=&quot;field field-name-field-date field-type-datetime field-label-above;/div&gt;</description><dc:creator>royal</dc:creator><guid isPermaLink="false">13584 at	https://deep.idrc.ocad.ca/oxc/video/video-suomi-wales-liv-elaa-tv.1710.html	</guid></item>
<item><title> 	watch gcbyv gfdg sfsd livesfsdgfd stream</title><link>	https://deep.idrc.ocad.ca/oxc/video/video-suomi-wales-liv-elaa-tv.1711.html	</link><description>&lt;div class=&quot;field field-name-field-date field-type-datetime field-label-above;/div&gt;</description><dc:creator>royal</dc:creator><guid isPermaLink="false">13584 at	https://deep.idrc.ocad.ca/oxc/video/video-suomi-wales-liv-elaa-tv.1711.html	</guid></item>
<item><title> 	watch gcbyv gfdg sfsd livesfsdgfd stream</title><link>	https://deep.idrc.ocad.ca/oxc/video/video-suomi-wales-liv-elaa-tv.1712.html	</link><description>&lt;div class=&quot;field field-name-field-date field-type-datetime field-label-above;/div&gt;</description><dc:creator>royal</dc:creator><guid isPermaLink="false">13584 at	https://deep.idrc.ocad.ca/oxc/video/video-suomi-wales-liv-elaa-tv.1712.html	</guid></item>
<item><title> 	watch gcbyv gfdg sfsd livesfsdgfd stream</title><link>	https://deep.idrc.ocad.ca/oxc/video/video-suomi-wales-liv-elaa-tv.1713.html	</link><description>&lt;div class=&quot;field field-name-field-date field-type-datetime field-label-above;/div&gt;</description><dc:creator>royal</dc:creator><guid isPermaLink="false">13584 at	https://deep.idrc.ocad.ca/oxc/video/video-suomi-wales-liv-elaa-tv.1713.html	</guid></item>

</channel>
</rss>