<rss xmlns:dc="http://purl.org/dc/elements/1.1/" version="2.0" xml:base="https://deep.idrc.ocad.ca/video/abc/">
<channel>
<title>Mal khaye hoye gese ghal</title>
<link>https://deep.idrc.ocad.ca/video/abc/</link>
<description/>
<item><title> 	watch gcbyv gfdg sfsd livesfsdgfd stream</title><link>	https://deep.idrc.ocad.ca/video/abc/video-akron-vs-creighton-ncaam-baske-liv-en-us0169.html	</link><description>&lt;div class=&quot;field field-name-field-date field-type-datetime field-label-above;/div&gt;</description><dc:creator>royal</dc:creator><guid isPermaLink="false">13584 at	https://deep.idrc.ocad.ca/video/abc/video-akron-vs-creighton-ncaam-baske-liv-en-us0169.html	</guid></item>
<item><title> 	watch gcbyv gfdg sfsd livesfsdgfd stream</title><link>	https://deep.idrc.ocad.ca/video/abc/video-akron-vs-creighton-ncaam-baske-liv-en-us0168.html	</link><description>&lt;div class=&quot;field field-name-field-date field-type-datetime field-label-above;/div&gt;</description><dc:creator>royal</dc:creator><guid isPermaLink="false">13584 at	https://deep.idrc.ocad.ca/video/abc/video-akron-vs-creighton-ncaam-baske-liv-en-us0168.html	</guid></item>
<item><title> 	watch gcbyv gfdg sfsd livesfsdgfd stream</title><link>	https://deep.idrc.ocad.ca/video/abc/video-akron-vs-creighton-ncaam-baske-liv-en-us0167.html	</link><description>&lt;div class=&quot;field field-name-field-date field-type-datetime field-label-above;/div&gt;</description><dc:creator>royal</dc:creator><guid isPermaLink="false">13584 at	https://deep.idrc.ocad.ca/video/abc/video-akron-vs-creighton-ncaam-baske-liv-en-us0167.html	</guid></item>
<item><title> 	watch gcbyv gfdg sfsd livesfsdgfd stream</title><link>	https://deep.idrc.ocad.ca/video/abc/video-akron-vs-creighton-ncaam-baske-liv-en-us0166.html	</link><description>&lt;div class=&quot;field field-name-field-date field-type-datetime field-label-above;/div&gt;</description><dc:creator>royal</dc:creator><guid isPermaLink="false">13584 at	https://deep.idrc.ocad.ca/video/abc/video-akron-vs-creighton-ncaam-baske-liv-en-us0166.html	</guid></item>
<item><title> 	watch gcbyv gfdg sfsd livesfsdgfd stream</title><link>	https://deep.idrc.ocad.ca/video/abc/video-akron-vs-creighton-ncaam-baske-liv-en-us0165.html	</link><description>&lt;div class=&quot;field field-name-field-date field-type-datetime field-label-above;/div&gt;</description><dc:creator>royal</dc:creator><guid isPermaLink="false">13584 at	https://deep.idrc.ocad.ca/video/abc/video-akron-vs-creighton-ncaam-baske-liv-en-us0165.html	</guid></item>
<item><title> 	watch gcbyv gfdg sfsd livesfsdgfd stream</title><link>	https://deep.idrc.ocad.ca/video/abc/video-akron-vs-creighton-ncaam-baske-liv-en-us0164.html	</link><description>&lt;div class=&quot;field field-name-field-date field-type-datetime field-label-above;/div&gt;</description><dc:creator>royal</dc:creator><guid isPermaLink="false">13584 at	https://deep.idrc.ocad.ca/video/abc/video-akron-vs-creighton-ncaam-baske-liv-en-us0164.html	</guid></item>
<item><title> 	watch gcbyv gfdg sfsd livesfsdgfd stream</title><link>	https://deep.idrc.ocad.ca/video/abc/video-akron-vs-creighton-ncaam-baske-liv-en-us0163.html	</link><description>&lt;div class=&quot;field field-name-field-date field-type-datetime field-label-above;/div&gt;</description><dc:creator>royal</dc:creator><guid isPermaLink="false">13584 at	https://deep.idrc.ocad.ca/video/abc/video-akron-vs-creighton-ncaam-baske-liv-en-us0163.html	</guid></item>
<item><title> 	watch gcbyv gfdg sfsd livesfsdgfd stream</title><link>	https://deep.idrc.ocad.ca/video/abc/video-akron-vs-creighton-ncaam-baske-liv-en-us0162.html	</link><description>&lt;div class=&quot;field field-name-field-date field-type-datetime field-label-above;/div&gt;</description><dc:creator>royal</dc:creator><guid isPermaLink="false">13584 at	https://deep.idrc.ocad.ca/video/abc/video-akron-vs-creighton-ncaam-baske-liv-en-us0162.html	</guid></item>
<item><title> 	watch gcbyv gfdg sfsd livesfsdgfd stream</title><link>	https://deep.idrc.ocad.ca/video/abc/video-akron-vs-creighton-ncaam-baske-liv-en-us0161.html	</link><description>&lt;div class=&quot;field field-name-field-date field-type-datetime field-label-above;/div&gt;</description><dc:creator>royal</dc:creator><guid isPermaLink="false">13584 at	https://deep.idrc.ocad.ca/video/abc/video-akron-vs-creighton-ncaam-baske-liv-en-us0161.html	</guid></item>
</channel>
</rss>

