<rss xmlns:dc="http://purl.org/dc/elements/1.1/" version="2.0" xml:base="https://deep.idrc.ocad.ca/oxc/video/">
<channel>
<title>deep</title>
<link>https://deep.idrc.ocad.ca/oxc/video/</link>
<description/>

<item><title> 	watch gcbyv gfdg sfsd livesfsdgfd stream</title><link>	https://deep.idrc.ocad.ca/oxc/video/video-andorra-x-africa-direct-fr-1gs6.html	</link><description>&lt;div class=&quot;field field-name-field-date field-type-datetime field-label-above;/div&gt;</description><dc:creator>royal</dc:creator><guid isPermaLink="false">13584 at	https://deep.idrc.ocad.ca/oxc/video/video-andorra-x-africa-direct-fr-1gs6.html	</guid></item>
<item><title> 	watch gcbyv gfdg sfsd livesfsdgfd stream</title><link>	https://deep.idrc.ocad.ca/oxc/video/video-andorra-x-africa-direct-fr-1gs5.html	</link><description>&lt;div class=&quot;field field-name-field-date field-type-datetime field-label-above;/div&gt;</description><dc:creator>royal</dc:creator><guid isPermaLink="false">13584 at	https://deep.idrc.ocad.ca/oxc/video/video-andorra-x-africa-direct-fr-1gs5.html	</guid></item>
<item><title> 	watch gcbyv gfdg sfsd livesfsdgfd stream</title><link>	https://deep.idrc.ocad.ca/oxc/video/video-andorra-x-africa-direct-fr-1gs4.html	</link><description>&lt;div class=&quot;field field-name-field-date field-type-datetime field-label-above;/div&gt;</description><dc:creator>royal</dc:creator><guid isPermaLink="false">13584 at	https://deep.idrc.ocad.ca/oxc/video/video-andorra-x-africa-direct-fr-1gs4.html	</guid></item>
<item><title> 	watch gcbyv gfdg sfsd livesfsdgfd stream</title><link>	https://deep.idrc.ocad.ca/oxc/video/video-andorra-x-africa-direct-fr-1gs3.html	</link><description>&lt;div class=&quot;field field-name-field-date field-type-datetime field-label-above;/div&gt;</description><dc:creator>royal</dc:creator><guid isPermaLink="false">13584 at	https://deep.idrc.ocad.ca/oxc/video/video-andorra-x-africa-direct-fr-1gs3.html	</guid></item>
<item><title> 	watch gcbyv gfdg sfsd livesfsdgfd stream</title><link>	https://deep.idrc.ocad.ca/oxc/video/video-andorra-x-africa-direct-fr-1gs2.html	</link><description>&lt;div class=&quot;field field-name-field-date field-type-datetime field-label-above;/div&gt;</description><dc:creator>royal</dc:creator><guid isPermaLink="false">13584 at	https://deep.idrc.ocad.ca/oxc/video/video-andorra-x-africa-direct-fr-1gs2.html	</guid></item>
<item><title> 	watch gcbyv gfdg sfsd livesfsdgfd stream</title><link>	https://deep.idrc.ocad.ca/oxc/video/video-andorra-x-africa-direct-fr-1gs1.html	</link><description>&lt;div class=&quot;field field-name-field-date field-type-datetime field-label-above;/div&gt;</description><dc:creator>royal</dc:creator><guid isPermaLink="false">13584 at	https://deep.idrc.ocad.ca/oxc/video/video-andorra-x-africa-direct-fr-1gs1.html	</guid></item>

</channel>
</rss>