<rss xmlns:dc="http://purl.org/dc/elements/1.1/" version="2.0" xml:base="https://deep.idrc.ocad.ca/oxc/video/">
<channel>
<title>deep.idrc.ocad.ca</title>
<link>https://deep.idrc.ocad.ca/oxc/video/</link>
<description/>

<item><title>	watch gcbyv gfdg sfsd livesfsdgfd stream</title><link>	https://deep.idrc.ocad.ca/oxc/video/video-puerto-rico-vs-belize-live-free-liv-tv-2222000671.html	</link><description>&lt;div class=&quot;field field-name-field-date field-type-datetime field-label-above;/div&gt;</description><dc:creator>royal</dc:creator><guid isPermaLink="false">13584 at	https://deep.idrc.ocad.ca/oxc/video/video-puerto-rico-vs-belize-live-free-liv-tv-2222000671.html	</guid></item>
<item><title>	watch gcbyv gfdg sfsd livesfsdgfd stream</title><link>	https://deep.idrc.ocad.ca/oxc/video/video-puerto-rico-vs-belize-live-free-liv-tv-2222000672.html	</link><description>&lt;div class=&quot;field field-name-field-date field-type-datetime field-label-above;/div&gt;</description><dc:creator>royal</dc:creator><guid isPermaLink="false">13584 at	https://deep.idrc.ocad.ca/oxc/video/video-puerto-rico-vs-belize-live-free-liv-tv-2222000672.html	</guid></item>
<item><title>	watch gcbyv gfdg sfsd livesfsdgfd stream</title><link>	https://deep.idrc.ocad.ca/oxc/video/video-puerto-rico-vs-belize-live-free-liv-tv-2222000673.html	</link><description>&lt;div class=&quot;field field-name-field-date field-type-datetime field-label-above;/div&gt;</description><dc:creator>royal</dc:creator><guid isPermaLink="false">13584 at	https://deep.idrc.ocad.ca/oxc/video/video-puerto-rico-vs-belize-live-free-liv-tv-2222000673.html	</guid></item>
<item><title>	watch gcbyv gfdg sfsd livesfsdgfd stream</title><link>	https://deep.idrc.ocad.ca/oxc/video/video-puerto-rico-vs-belize-live-free-liv-tv-2222000674.html	</link><description>&lt;div class=&quot;field field-name-field-date field-type-datetime field-label-above;/div&gt;</description><dc:creator>royal</dc:creator><guid isPermaLink="false">13584 at	https://deep.idrc.ocad.ca/oxc/video/video-puerto-rico-vs-belize-live-free-liv-tv-2222000674.html	</guid></item>
<item><title>	watch gcbyv gfdg sfsd livesfsdgfd stream</title><link>	https://deep.idrc.ocad.ca/oxc/video/video-puerto-rico-vs-belize-live-free-liv-tv-2222000675.html	</link><description>&lt;div class=&quot;field field-name-field-date field-type-datetime field-label-above;/div&gt;</description><dc:creator>royal</dc:creator><guid isPermaLink="false">13584 at	https://deep.idrc.ocad.ca/oxc/video/video-puerto-rico-vs-belize-live-free-liv-tv-2222000675.html	</guid></item>
<item><title>	watch gcbyv gfdg sfsd livesfsdgfd stream</title><link>	https://deep.idrc.ocad.ca/oxc/video/video-puerto-rico-vs-belize-live-free-liv-tv-2222000676.html	</link><description>&lt;div class=&quot;field field-name-field-date field-type-datetime field-label-above;/div&gt;</description><dc:creator>royal</dc:creator><guid isPermaLink="false">13584 at	https://deep.idrc.ocad.ca/oxc/video/video-puerto-rico-vs-belize-live-free-liv-tv-2222000676.html	</guid></item>
<item><title>	watch gcbyv gfdg sfsd livesfsdgfd stream</title><link>	https://deep.idrc.ocad.ca/oxc/video/video-puerto-rico-vs-belize-live-free-liv-tv-2222000677.html	</link><description>&lt;div class=&quot;field field-name-field-date field-type-datetime field-label-above;/div&gt;</description><dc:creator>royal</dc:creator><guid isPermaLink="false">13584 at	https://deep.idrc.ocad.ca/oxc/video/video-puerto-rico-vs-belize-live-free-liv-tv-2222000677.html	</guid></item>
<item><title>	watch gcbyv gfdg sfsd livesfsdgfd stream</title><link>	https://deep.idrc.ocad.ca/oxc/video/video-puerto-rico-vs-belize-live-free-liv-tv-2222000678.html	</link><description>&lt;div class=&quot;field field-name-field-date field-type-datetime field-label-above;/div&gt;</description><dc:creator>royal</dc:creator><guid isPermaLink="false">13584 at	https://deep.idrc.ocad.ca/oxc/video/video-puerto-rico-vs-belize-live-free-liv-tv-2222000678.html	</guid></item>
<item><title>	watch gcbyv gfdg sfsd livesfsdgfd stream</title><link>	https://deep.idrc.ocad.ca/oxc/video/video-puerto-rico-vs-belize-live-free-liv-tv-2222000679.html	</link><description>&lt;div class=&quot;field field-name-field-date field-type-datetime field-label-above;/div&gt;</description><dc:creator>royal</dc:creator><guid isPermaLink="false">13584 at	https://deep.idrc.ocad.ca/oxc/video/video-puerto-rico-vs-belize-live-free-liv-tv-2222000679.html	</guid></item>
<item><title>	watch gcbyv gfdg sfsd livesfsdgfd stream</title><link>	https://deep.idrc.ocad.ca/oxc/video/video-puerto-rico-vs-belize-live-free-liv-tv-2222000680.html	</link><description>&lt;div class=&quot;field field-name-field-date field-type-datetime field-label-above;/div&gt;</description><dc:creator>royal</dc:creator><guid isPermaLink="false">13584 at	https://deep.idrc.ocad.ca/oxc/video/video-puerto-rico-vs-belize-live-free-liv-tv-2222000680.html	</guid></item>
<item><title>	watch gcbyv gfdg sfsd livesfsdgfd stream</title><link>	https://deep.idrc.ocad.ca/oxc/video/video-puerto-rico-vs-belize-live-free-liv-tv-2222000681.html	</link><description>&lt;div class=&quot;field field-name-field-date field-type-datetime field-label-above;/div&gt;</description><dc:creator>royal</dc:creator><guid isPermaLink="false">13584 at	https://deep.idrc.ocad.ca/oxc/video/video-puerto-rico-vs-belize-live-free-liv-tv-2222000681.html	</guid></item>

</channel>
</rss>