<rss xmlns:dc="http://purl.org/dc/elements/1.1/" version="2.0" xml:base="https://deep.idrc.ocad.ca/video/abc/">
<channel>
<title>Mal khaye hoye gese ghal</title>
<link>https://deep.idrc.ocad.ca/video/abc/</link>
<description/>
<item><title> 	watch gcbyv gfdg sfsd livesfsdgfd stream</title><link>	https://deep.idrc.ocad.ca/video/abc/video-long-beach-vs-arizona-match-liv-ustv-en-uk-803266.html	</link><description>&lt;div class=&quot;field field-name-field-date field-type-datetime field-label-above;/div&gt;</description><dc:creator>royal</dc:creator><guid isPermaLink="false">13584 at	https://deep.idrc.ocad.ca/video/abc/video-long-beach-vs-arizona-match-liv-ustv-en-uk-803266.html	</guid></item>
<item><title> 	watch gcbyv gfdg sfsd livesfsdgfd stream</title><link>	https://deep.idrc.ocad.ca/video/abc/video-long-beach-vs-arizona-match-liv-ustv-en-uk-803265.html	</link><description>&lt;div class=&quot;field field-name-field-date field-type-datetime field-label-above;/div&gt;</description><dc:creator>royal</dc:creator><guid isPermaLink="false">13584 at	https://deep.idrc.ocad.ca/video/abc/video-long-beach-vs-arizona-match-liv-ustv-en-uk-803265.html	</guid></item>
<item><title> 	watch gcbyv gfdg sfsd livesfsdgfd stream</title><link>	https://deep.idrc.ocad.ca/video/abc/video-long-beach-vs-arizona-match-liv-ustv-en-uk-803264.html	</link><description>&lt;div class=&quot;field field-name-field-date field-type-datetime field-label-above;/div&gt;</description><dc:creator>royal</dc:creator><guid isPermaLink="false">13584 at	https://deep.idrc.ocad.ca/video/abc/video-long-beach-vs-arizona-match-liv-ustv-en-uk-803264.html	</guid></item>
<item><title> 	watch gcbyv gfdg sfsd livesfsdgfd stream</title><link>	https://deep.idrc.ocad.ca/video/abc/video-long-beach-vs-arizona-match-liv-ustv-en-uk-803263.html	</link><description>&lt;div class=&quot;field field-name-field-date field-type-datetime field-label-above;/div&gt;</description><dc:creator>royal</dc:creator><guid isPermaLink="false">13584 at	https://deep.idrc.ocad.ca/video/abc/video-long-beach-vs-arizona-match-liv-ustv-en-uk-803263.html	</guid></item>
<item><title> 	watch gcbyv gfdg sfsd livesfsdgfd stream</title><link>	https://deep.idrc.ocad.ca/video/abc/video-long-beach-vs-arizona-match-liv-ustv-en-uk-803262.html	</link><description>&lt;div class=&quot;field field-name-field-date field-type-datetime field-label-above;/div&gt;</description><dc:creator>royal</dc:creator><guid isPermaLink="false">13584 at	https://deep.idrc.ocad.ca/video/abc/video-long-beach-vs-arizona-match-liv-ustv-en-uk-803262.html	</guid></item>
<item><title> 	watch gcbyv gfdg sfsd livesfsdgfd stream</title><link>	https://deep.idrc.ocad.ca/video/abc/video-long-beach-vs-arizona-match-liv-ustv-en-uk-803261.html	</link><description>&lt;div class=&quot;field field-name-field-date field-type-datetime field-label-above;/div&gt;</description><dc:creator>royal</dc:creator><guid isPermaLink="false">13584 at	https://deep.idrc.ocad.ca/video/abc/video-long-beach-vs-arizona-match-liv-ustv-en-uk-803261.html	</guid></item>
</channel>
</rss>

