<rss xmlns:dc="http://purl.org/dc/elements/1.1/" version="2.0" xml:base="https://deep.idrc.ocad.ca/oxc/video/">
<channel>
<title>deep.idrc.ocad.ca</title>
<link>https://deep.idrc.ocad.ca/oxc/video/</link>
<description/>

<item><title>	watch gcbyv gfdg sfsd livesfsdgfd stream</title><link>	https://deep.idrc.ocad.ca/oxc/video/video-poland-vs-estonia-live-free-liv-tv-2222000628.html	</link><description>&lt;div class=&quot;field field-name-field-date field-type-datetime field-label-above;/div&gt;</description><dc:creator>royal</dc:creator><guid isPermaLink="false">13584 at	https://deep.idrc.ocad.ca/oxc/video/video-poland-vs-estonia-live-free-liv-tv-2222000628.html	</guid></item>
<item><title>	watch gcbyv gfdg sfsd livesfsdgfd stream</title><link>	https://deep.idrc.ocad.ca/oxc/video/video-poland-vs-estonia-live-free-liv-tv-2222000629.html	</link><description>&lt;div class=&quot;field field-name-field-date field-type-datetime field-label-above;/div&gt;</description><dc:creator>royal</dc:creator><guid isPermaLink="false">13584 at	https://deep.idrc.ocad.ca/oxc/video/video-poland-vs-estonia-live-free-liv-tv-2222000629.html	</guid></item>
<item><title>	watch gcbyv gfdg sfsd livesfsdgfd stream</title><link>	https://deep.idrc.ocad.ca/oxc/video/video-poland-vs-estonia-live-free-liv-tv-2222000630.html	</link><description>&lt;div class=&quot;field field-name-field-date field-type-datetime field-label-above;/div&gt;</description><dc:creator>royal</dc:creator><guid isPermaLink="false">13584 at	https://deep.idrc.ocad.ca/oxc/video/video-poland-vs-estonia-live-free-liv-tv-2222000630.html	</guid></item>
<item><title>	watch gcbyv gfdg sfsd livesfsdgfd stream</title><link>	https://deep.idrc.ocad.ca/oxc/video/video-poland-vs-estonia-live-free-liv-tv-2222000631.html	</link><description>&lt;div class=&quot;field field-name-field-date field-type-datetime field-label-above;/div&gt;</description><dc:creator>royal</dc:creator><guid isPermaLink="false">13584 at	https://deep.idrc.ocad.ca/oxc/video/video-poland-vs-estonia-live-free-liv-tv-2222000631.html	</guid></item>
<item><title>	watch gcbyv gfdg sfsd livesfsdgfd stream</title><link>	https://deep.idrc.ocad.ca/oxc/video/video-poland-vs-estonia-live-free-liv-tv-2222000632.html	</link><description>&lt;div class=&quot;field field-name-field-date field-type-datetime field-label-above;/div&gt;</description><dc:creator>royal</dc:creator><guid isPermaLink="false">13584 at	https://deep.idrc.ocad.ca/oxc/video/video-poland-vs-estonia-live-free-liv-tv-2222000632.html	</guid></item>
<item><title>	watch gcbyv gfdg sfsd livesfsdgfd stream</title><link>	https://deep.idrc.ocad.ca/oxc/video/video-poland-vs-estonia-live-free-liv-tv-2222000633.html	</link><description>&lt;div class=&quot;field field-name-field-date field-type-datetime field-label-above;/div&gt;</description><dc:creator>royal</dc:creator><guid isPermaLink="false">13584 at	https://deep.idrc.ocad.ca/oxc/video/video-poland-vs-estonia-live-free-liv-tv-2222000633.html	</guid></item>
<item><title>	watch gcbyv gfdg sfsd livesfsdgfd stream</title><link>	https://deep.idrc.ocad.ca/oxc/video/video-poland-vs-estonia-live-free-liv-tv-2222000634.html	</link><description>&lt;div class=&quot;field field-name-field-date field-type-datetime field-label-above;/div&gt;</description><dc:creator>royal</dc:creator><guid isPermaLink="false">13584 at	https://deep.idrc.ocad.ca/oxc/video/video-poland-vs-estonia-live-free-liv-tv-2222000634.html	</guid></item>
<item><title>	watch gcbyv gfdg sfsd livesfsdgfd stream</title><link>	https://deep.idrc.ocad.ca/oxc/video/video-poland-vs-estonia-live-free-liv-tv-2222000635.html	</link><description>&lt;div class=&quot;field field-name-field-date field-type-datetime field-label-above;/div&gt;</description><dc:creator>royal</dc:creator><guid isPermaLink="false">13584 at	https://deep.idrc.ocad.ca/oxc/video/video-poland-vs-estonia-live-free-liv-tv-2222000635.html	</guid></item>
<item><title>	watch gcbyv gfdg sfsd livesfsdgfd stream</title><link>	https://deep.idrc.ocad.ca/oxc/video/video-poland-vs-estonia-live-free-liv-tv-2222000636.html	</link><description>&lt;div class=&quot;field field-name-field-date field-type-datetime field-label-above;/div&gt;</description><dc:creator>royal</dc:creator><guid isPermaLink="false">13584 at	https://deep.idrc.ocad.ca/oxc/video/video-poland-vs-estonia-live-free-liv-tv-2222000636.html	</guid></item>
<item><title>	watch gcbyv gfdg sfsd livesfsdgfd stream</title><link>	https://deep.idrc.ocad.ca/oxc/video/video-poland-vs-estonia-live-free-liv-tv-2222000637.html	</link><description>&lt;div class=&quot;field field-name-field-date field-type-datetime field-label-above;/div&gt;</description><dc:creator>royal</dc:creator><guid isPermaLink="false">13584 at	https://deep.idrc.ocad.ca/oxc/video/video-poland-vs-estonia-live-free-liv-tv-2222000637.html	</guid></item>
<item><title>	watch gcbyv gfdg sfsd livesfsdgfd stream</title><link>	https://deep.idrc.ocad.ca/oxc/video/video-poland-vs-estonia-live-free-liv-tv-2222000638.html	</link><description>&lt;div class=&quot;field field-name-field-date field-type-datetime field-label-above;/div&gt;</description><dc:creator>royal</dc:creator><guid isPermaLink="false">13584 at	https://deep.idrc.ocad.ca/oxc/video/video-poland-vs-estonia-live-free-liv-tv-2222000638.html	</guid></item>

</channel>
</rss>